Workbook

Sheet Amostras
A1: Ensaio:
L8: CN
L9: CP
A10: Instruções:
A11: Preencher o nome do ensaio com o padrão HPVDDMMAA# (em que # é o número da placa de extração do dia).
A12: Bipar cada amostra na ordem que estiver disposta na rack de 96 poços. Aguarde sempre passar para a próxima célula antes de bipar uma nova amostra.
A13: As duas últimas células da placa são obrigatoriamente CN e CP, nesta ordem.
A14: NUNCA RECORTAR (Crtl+X) nesta planilha. Somente copiar (Ctrl+C).

Sheet Extração
D1: MAPA DE TRABALHO PARA EXTRAÇÃO | M1: REVISÃO 00 Página 1 de 1
D2: FORMULÁRIO LACEN/CEVS
B3: ORIGEM: PROJETO DE PESQUISA
B4: Kits: | C4: Loccus - E xtracta DNA e RNA de Patógenos MDx, IBMP Biomol ZDC | L4: =concat("Ensaio: ",Amostras!B1)
C5: 1 | D5: 2 | E5: 3 | F5: 4 | G5: 5 | H5: 6 | I5: 7 | J5: 8 | K5: 9 | L5: 10 | M5: 11 | N5: 12
B6: A | C6: =Amostras!A2 | D6: =Amostras!B2 | E6: =Amostras!C2 | F6: =Amostras!D2 | G6: =Amostras!E2 | H6: =Amostras!F2 | I6: =Amostras!G2 | J6: =Amostras!H2 | ... N6: =Amostras!L2
B7: B | C7: =Amostras!A3 | D7: =Amostras!B3 | E7: =Amostras!C3 | F7: =Amostras!D3 | G7: =Amostras!E3 | H7: =Amostras!F3 | I7: =Amostras!G3 | J7: =Amostras!H3 | ... N7: =Amostras!L3
B8: C | C8: =Amostras!A4 | D8: =Amostras!B4 | E8: =Amostras!C4 | F8: =Amostras!D4 | G8: =Amostras!E4 | H8: =Amostras!F4 | I8: =Amostras!G4 | J8: =Amostras!H4 | ... N8: =Amostras!L4
B9: D | C9: =Amostras!A5 | D9: =Amostras!B5 | E9: =Amostras!C5 | F9: =Amostras!D5 | G9: =Amostras!E5 | H9: =Amostras!F5 | I9: =Amostras!G5 | J9: =Amostras!H5 | ... N9: =Amostras!L5
B10: E | C10: =Amostras!A6 | D10: =Amostras!B6 | E10: =Amostras!C6 | F10: =Amostras!D6 | G10: =Amostras!E6 | H10: =Amostras!F6 | I10: =Amostras!G6 | J10: =Amostras!H6 | ... N10: =Amostras!L6
B11: F | C11: =Amostras!A7 | D11: =Amostras!B7 | E11: =Amostras!C7 | F11: =Amostras!D7 | G11: =Amostras!E7 | H11: =Amostras!F7 | I11: =Amostras!G7 | J11: =Amostras!H7 | ... N11: =Amostras!L7
B12: G | C12: =Amostras!A8 | D12: =Amostras!B8 | E12: =Amostras!C8 | F12: =Amostras!D8 | G12: =Amostras!E8 | H12: =Amostras!F8 | I12: =Amostras!G8 | J12: =Amostras!H8 | ... N12: =Amostras!L8
B13: H | C13: =Amostras!A9 | D13: =Amostras!B9 | E13: =Amostras!C9 | F13: =Amostras!D9 | G13: =Amostras!E9 | H13: =Amostras!F9 | I13: =Amostras!G9 | J13: =Amostras!H9 | ... N13: =Amostras!L9
B15: Adição de amostras e controles
B16: Controle Positivo (CP) | D16: 400 µl | I16: Operador extração:
B17: Amostra | D17: 400 µl
B18: Proteinase K | D18: 20 µl
